observation_date,inflation,gdp_growth
1947-04-01,1.42857,-0.26522
1947-07-01,2.18083,-0.20488
1947-10-01,2.83089,1.56599
1948-01-01,2.11877,1.50604
1948-04-01,1.59492,1.65238
1948-07-01,1.68102,0.57452
1948-10-01,-0.91543,0.11329
1949-01-01,-0.95146,-1.37661
1949-04-01,-0.11137,-0.33966
1949-07-01,-0.83624,1.03394
1949-10-01,-0.23893,-0.83781
1950-01-01,-0.30995,3.93169
1950-04-01,0.76314,3.05093
1950-07-01,1.83731,3.86507
1950-10-01,2.02451,1.91496
1951-01-01,4.06317,1.35796
1951-04-01,0.97289,1.73213
1951-07-01,-0.05139,2.05999
1951-10-01,1.47815,0.21895
1952-01-01,0.37999,1.06693
1952-04-01,0.26498,0.21430
1952-07-01,0.67959,0.72123
1952-10-01,0.11250,3.28395
1953-01-01,-0.28718,1.85904
1953-04-01,0.37566,0.77309
1953-07-01,0.46158,-0.56252
1953-10-01,0.17385,-1.51372
1954-01-01,0.23553,-0.47757
1954-04-01,-0.16077,0.10941
1954-07-01,-0.26013,1.12969
1954-10-01,-0.31048,1.95696
1955-01-01,0.13704,2.85660
1955-04-01,-0.13685,1.62754
1955-07-01,0.07475,1.35082
1955-10-01,0.29877,0.60067
1956-01-01,0.01241,-0.38804
1956-04-01,0.65773,0.82658
1956-07-01,1.03563,-0.08970
1956-10-01,0.85418,1.64591
1957-01-01,0.82275,0.64027
1957-04-01,0.85203,-0.21914
1957-07-01,0.89243,0.97992
1957-10-01,0.48355,-1.03454
1958-01-01,1.18545,-2.59590
1958-04-01,0.67278,0.65690
1958-07-01,-0.05761,2.31311
1958-10-01,0.10376,2.33823
1959-01-01,0.17275,1.91841
1959-04-01,0.17245,2.25343
1959-07-01,0.51647,0.06973
1959-10-01,0.60516,0.28498
1960-01-01,0.09080,2.24863
1960-04-01,0.60098,-0.53836
1960-07-01,0.05636,0.48993
1960-10-01,0.64211,-1.28313
1961-01-01,0.20148,0.67502
1961-04-01,-0.03351,1.69785
1961-07-01,0.39111,1.92037
1961-10-01,0.14470,1.96167
1962-01-01,0.38902,1.78366
1962-04-01,0.37644,0.90475
1962-07-01,0.28679,1.22957
1962-10-01,0.24197,0.32940
1963-01-01,0.31819,1.09209
1963-04-01,0.18593,1.12241
1963-07-01,0.61135,2.19883
1963-10-01,0.27127,0.65590
1964-01-01,0.41121,2.10871
1964-04-01,0.16166,1.08907
1964-07-01,0.22595,1.56260
1964-10-01,0.46162,0.30919
1965-01-01,0.30990,2.41991
1965-04-01,0.63918,1.26347
1965-07-01,0.29639,2.22316
1965-10-01,0.52770,2.30390
1966-01-01,0.93438,2.43384
1966-04-01,0.90493,0.34147
1966-07-01,0.86589,0.84683
1966-10-01,0.81758,0.82040
1967-01-01,0.25342,0.88579
1967-04-01,0.60667,0.06135
1967-07-01,1.00503,0.94608
1967-10-01,1.09453,0.75385
1968-01-01,0.98425,2.03927
1968-04-01,0.97466,1.67037
1968-07-01,1.35135,0.77452
1968-10-01,1.23810,0.39277
1969-01-01,1.22295,1.56443
1969-04-01,1.57993,0.30335
1969-07-01,1.37237,0.65995
1969-10-01,1.53430,-0.48821
1970-01-01,1.60000,-0.14889
1970-04-01,1.39983,0.14172
1970-07-01,1.03538,0.92147
1970-10-01,1.45175,-1.07157
1971-01-01,0.84175,2.71615
1971-04-01,0.91820,0.54082
1971-07-01,0.99256,0.82245
1971-10-01,0.73710,0.23486
1972-01-01,0.81301,1.83722
1972-04-01,0.64516,2.26929
1972-07-01,0.80128,0.94409
1972-10-01,1.03339,1.67444
1973-01-01,1.57356,2.47494
1973-04-01,2.09140,1.08874
1973-07-01,1.97269,-0.52584
1973-10-01,2.52976,0.94923
1974-01-01,2.97533,-0.85971
1974-04-01,2.67794,0.23770
1974-07-01,2.81400,-0.94528
1974-10-01,3.07076,-0.38841
1975-01-01,2.13731,-1.21763
1975-04-01,1.20482,0.71470
1975-07-01,2.00501,1.71204
1975-10-01,1.84275,1.34709
1976-01-01,1.14596,2.24947
1976-04-01,0.89445,0.73337
1976-07-01,1.59574,0.54741
1976-10-01,1.45433,0.72260
1977-01-01,1.83486,1.18623
1977-04-01,1.74550,1.94192
1977-07-01,1.38351,1.80316
1977-10-01,1.47380,0.00199
1978-01-01,1.72136,0.31984
1978-04-01,2.27393,3.86477
1978-07-01,2.32678,1.00575
1978-10-01,2.32441,1.34413
1979-01-01,2.51852,0.17959
1979-04-01,3.17919,0.10675
1979-07-01,3.22129,0.74280
1979-10-01,3.16599,0.25005
1980-01-01,3.94564,0.31457
1980-04-01,3.37410,-2.06043
1980-07-01,1.87678,-0.11885
1980-10-01,2.80336,1.86492
1981-01-01,2.76587,1.95942
1981-04-01,2.08491,-0.74108
1981-07-01,2.78500,1.19750
1981-10-01,1.62572,-1.08960
1982-01-01,0.88873,-1.55364
1982-04-01,1.44468,0.45618
1982-07-01,1.73671,-0.38227
1982-10-01,0.30727,0.04001
1983-01-01,0.06807,1.31779
1983-04-01,1.15646,2.27552
1983-07-01,0.97512,1.99895
1983-10-01,0.99900,2.08618
1984-01-01,1.41774,1.95479
1984-04-01,0.94278,1.72776
1984-07-01,0.86957,0.96401
1984-10-01,0.86207,0.82077
1985-01-01,0.91801,0.96898
1985-04-01,0.90966,0.88047
1985-07-01,0.62170,1.52727
1985-10-01,1.01946,0.74345
1986-01-01,0.51988,0.93375
1986-04-01,-0.48677,0.45030
1986-07-01,0.61143,0.95667
1986-10-01,0.69888,0.53639
1987-01-01,1.20700,0.74184
1987-04-01,1.13298,1.07818
1987-07-01,1.06132,0.86718
1987-10-01,0.93349,1.71696
1988-01-01,0.78035,0.51688
1988-04-01,1.14712,1.31403
1988-07-01,1.21917,0.58597
1988-10-01,1.09244,1.33246
1989-01-01,1.13605,1.01639
1989-04-01,1.61644,0.76310
1989-07-01,0.78188,0.74074
1989-10-01,1.01659,0.19698
1990-01-01,1.72140,1.09288
1990-04-01,0.98933,0.36297
1990-07-01,1.72725,0.06658
1990-10-01,1.69792,-0.91040
1991-01-01,0.74757,-0.46794
1991-04-01,0.59362,0.77969
1991-07-01,0.76223,0.50536
1991-10-01,0.82967,0.34854
1992-01-01,0.67764,1.19725
1992-04-01,0.76923,1.08430
1992-07-01,0.76336,0.98811
1992-10-01,0.87595,1.04286
1993-01-01,0.72753,0.16694
1993-04-01,0.72227,0.58217
1993-07-01,0.46264,0.47715
1993-10-01,0.82892,1.36015
1994-01-01,0.50240,0.97036
1994-04-01,0.56805,1.35518
1994-07-01,0.92634,0.58458
1994-10-01,0.58205,1.14557
1995-01-01,0.73448,0.35478
1995-04-01,0.81750,0.29832
1995-07-01,0.50405,0.85073
1995-10-01,0.54514,0.67908
1996-01-01,0.88918,0.74905
1996-04-01,0.85985,1.66794
1996-07-01,0.57545,0.89703
1996-10-01,0.86883,1.03837
1997-01-01,0.60924,0.64544
1997-04-01,0.22969,1.66522
1997-07-01,0.50000,1.24857
1997-10-01,0.53897,0.85386
1998-01-01,0.20619,1.00375
1998-04-01,0.32922,0.92569
1998-07-01,0.51272,1.25894
1998-10-01,0.46929,1.60920
1999-01-01,0.36556,0.93943
1999-04-01,0.74868,0.83474
1999-07-01,0.74312,1.32588
1999-10-01,0.73764,1.64067
2000-01-01,0.98951,0.36279
2000-04-01,0.78385,1.82129
2000-07-01,0.91386,0.10193
2000-10-01,0.71291,0.59704
2001-01-01,0.95657,-0.32780
2001-04-01,0.70116,0.62450
2001-07-01,0.28227,-0.40064
2001-10-01,-0.07506,0.27478
2002-01-01,0.31925,0.83636
2002-04-01,0.78622,0.61271
2002-07-01,0.53863,0.40651
2002-10-01,0.59117,0.12361
2003-01-01,1.02847,0.52664
2003-04-01,-0.16361,0.88562
2003-07-01,0.74654,1.66320
2003-10-01,0.37954,1.16072
2004-01-01,0.84624,0.56665
2004-04-01,0.78557,0.77495
2004-07-01,0.63773,0.94859
2004-10-01,1.07375,1.02021
2005-01-01,0.50505,1.10936
2005-04-01,0.67579,0.49262
2005-07-01,1.51463,0.78381
2005-10-01,0.93252,0.55552
2006-01-01,0.52075,1.34538
2006-04-01,0.90241,0.25875
2006-07-01,0.94402,0.14996
2006-10-01,-0.41017,0.85945
2007-01-01,0.98040,0.30084
2007-04-01,1.13255,0.61176
2007-07-01,0.63301,0.57603
2007-10-01,1.22664,0.62824
2008-01-01,1.08319,-0.42676
2008-04-01,1.30094,0.59543
2008-07-01,1.54188,-0.52526
2008-10-01,-2.29019,-2.18903
2009-01-01,-0.68787,-1.13487
2009-04-01,0.53176,-0.17865
2009-07-01,0.86039,0.35119
2009-10-01,0.78293,1.08091
2010-01-01,0.15850,0.48450
2010-04-01,-0.03527,0.96759
2010-07-01,0.29315,0.77108
2010-10-01,0.80972,0.52511
2011-01-01,1.06722,-0.23720
2011-04-01,1.13701,0.67658
2011-07-01,0.65207,-0.02231
2011-10-01,0.44890,1.12305
2012-01-01,0.56317,0.83859
2012-04-01,0.21110,0.44633
2012-07-01,0.45147,0.14403
2012-10-01,0.66495,0.11564
2013-01-01,0.40195,0.98656
2013-04-01,-0.10949,0.26764
2013-07-01,0.54084,0.85139
2013-10-01,0.36977,0.87174
2014-01-01,0.62279,-0.34510
2014-04-01,0.53108,1.29184
2014-07-01,0.25583,1.21539
2014-10-01,-0.24844,0.50573
2015-01-01,-0.64728,0.90048
2015-04-01,0.68195,0.61941
2015-07-01,0.37770,0.40025
2015-10-01,-0.00757,0.18448
2016-01-01,-0.06209,0.57952
2016-04-01,0.79978,0.32112
2016-07-01,0.42447,0.70939
2016-10-01,0.63478,0.55430
2017-01-01,0.70374,0.48689
2017-04-01,0.11538,0.55987
2017-07-01,0.47804,0.78852
2017-10-01,0.79553,1.12705
2018-01-01,0.84264,0.81341
2018-04-01,0.54441,0.53083
2018-07-01,0.40184,0.62370
2018-10-01,0.40712,0.14164
2019-01-01,0.26697,0.62432
2019-04-01,0.73472,0.83515
2019-07-01,0.32988,1.17000
2019-10-01,0.70236,0.68188
2020-01-01,0.36049,-1.31632
2020-04-01,-0.97585,-7.87678
2020-07-01,1.14310,7.76228
2020-10-01,0.72139,1.13352
2021-01-01,1.01522,1.39582
2021-04-01,1.82299,1.70189
2021-07-01,1.59349,0.82505
2021-10-01,2.17779,1.71576
2022-01-01,2.20049,-0.25480
2022-04-01,2.35154,0.15655
2022-07-01,1.31948,0.72190
2022-10-01,1.04540,0.69024
2023-01-01,0.90060,0.72385
2023-04-01,0.71949,0.62787
2023-07-01,0.85410,1.15361
2023-10-01,0.72094,0.84406
2024-01-01,0.91122,0.20986
2024-04-01,0.66795,0.88549
2024-07-01,0.33229,0.82478
2024-10-01,0.78526,0.45987
2025-01-01,0.91202,-0.16252
2025-04-01,0.41026,0.94600
2025-07-01,0.76354,1.07635
2025-10-01,0.71527,
2026-01-01,,
