observation_date,GDPC1,GDPDEF_PC1,EFFR
1947-01-01,2182.681,,
1947-04-01,2176.892,,
1947-07-01,2172.432,,
1947-10-01,2206.452,,
1948-01-01,2239.682,6.49852,
1948-04-01,2276.690,5.95628,
1948-07-01,2289.770,6.12760,
1948-10-01,2292.364,3.89059,
1949-01-01,2260.807,2.52845,
1949-04-01,2253.128,0.59305,
1949-07-01,2276.424,-1.68129,
1949-10-01,2257.352,-1.97056,
1950-01-01,2346.104,-1.60296,
1950-04-01,2417.682,-0.26571,
1950-07-01,2511.127,2.36904,
1950-10-01,2559.214,4.27892,
1951-01-01,2593.967,8.21220,
1951-04-01,2638.898,8.55882,
1951-07-01,2693.259,6.31519,
1951-10-01,2699.156,5.55111,
1952-01-01,2727.954,1.82969,
1952-04-01,2733.800,1.28077,
1952-07-01,2753.517,2.35303,
1952-10-01,2843.941,1.47014,
1953-01-01,2896.811,1.53904,
1953-04-01,2919.206,1.62048,
1953-07-01,2902.785,0.91358,
1953-10-01,2858.845,0.82898,
1954-01-01,2845.192,1.12745,
1954-04-01,2848.305,1.01341,
1954-07-01,2880.482,0.72722,
1954-10-01,2936.852,0.81475,
1955-01-01,3020.746,0.96722,
1955-04-01,3069.910,1.29094,
1955-07-01,3111.379,1.86386,
1955-10-01,3130.068,2.59349,
1956-01-01,3117.922,3.13711,
1956-04-01,3143.694,3.32095,
1956-07-01,3140.874,3.89094,
1956-10-01,3192.570,3.28702,
1957-01-01,3213.011,3.66563,
1957-04-01,3205.970,3.77811,
1957-07-01,3237.386,3.10477,
1957-10-01,3203.894,2.75948,
1958-01-01,3120.724,2.46905,
1958-04-01,3141.224,2.05121,
1958-07-01,3213.884,2.06603,
1958-10-01,3289.032,2.48296,
1959-01-01,3352.129,1.61527,
1959-04-01,3427.667,1.48419,
1959-07-01,3430.057,1.25686,
1959-10-01,3439.832,1.17190,
1960-01-01,3517.181,1.33999,
1960-04-01,3498.246,1.43625,
1960-07-01,3515.385,1.39152,
1960-10-01,3470.278,1.29498,
1961-01-01,3493.703,1.11486,
1961-04-01,3553.021,1.09265,
1961-07-01,3621.252,1.00515,
1961-10-01,3692.289,1.02146,
1962-01-01,3758.147,1.32051,
1962-04-01,3792.149,1.25352,
1962-07-01,3838.776,1.20566,
1962-10-01,3851.421,1.10016,
1963-01-01,3893.482,1.01860,
1963-04-01,3937.183,1.02956,
1963-07-01,4023.755,0.95178,
1963-10-01,4050.147,1.55994,
1964-01-01,4135.553,1.44047,
1964-04-01,4180.592,1.49422,
1964-07-01,4245.918,1.76698,
1964-10-01,4259.046,1.40592,
1965-01-01,4362.111,1.59289,
1965-04-01,4417.225,1.82949,
1965-07-01,4515.427,1.81606,
1965-10-01,4619.458,2.05216,
1966-01-01,4731.888,2.19386,
1966-04-01,4748.046,2.55883,
1966-07-01,4788.254,3.15155,
1966-10-01,4827.537,3.30361,
1967-01-01,4870.299,3.07445,
1967-04-01,4873.287,2.75451,
1967-07-01,4919.392,2.74565,
1967-10-01,4956.477,3.02995,
1968-01-01,5057.553,3.73853,
1968-04-01,5142.033,4.30515,
1968-07-01,5181.859,4.32681,
1968-10-01,5202.212,4.63338,
1969-01-01,5283.597,4.55481,
1969-04-01,5299.625,4.77684,
1969-07-01,5334.600,5.22099,
1969-10-01,5308.556,5.09458,
1970-01-01,5300.652,5.48936,
1970-04-01,5308.164,5.61479,
1970-07-01,5357.077,5.00337,
1970-10-01,5299.672,5.03682,
1971-01-01,5443.619,5.14825,
1971-04-01,5473.059,5.06763,
1971-07-01,5518.072,5.27302,
1971-10-01,5531.032,4.76608,
1972-01-01,5632.649,4.77150,
1972-04-01,5760.470,4.05642,
1972-07-01,5814.854,3.99213,
1972-10-01,5912.220,4.44703,
1973-01-01,6058.544,4.06445,
1973-04-01,6124.506,5.01274,
1973-07-01,6092.301,6.04217,
1973-10-01,6150.131,6.79361,
1974-01-01,6097.258,7.56949,
1974-04-01,6111.751,8.44235,
1974-07-01,6053.978,9.49225,
1974-10-01,6030.464,10.51075,
1975-01-01,5957.035,10.92939,
1975-04-01,5999.610,9.97803,
1975-07-01,6102.326,8.73142,
1975-10-01,6184.530,7.39247,
1976-01-01,6323.649,6.11500,
1976-04-01,6370.025,5.61508,
1976-07-01,6404.895,5.12509,
1976-10-01,6451.177,5.24782,
1977-01-01,6527.703,5.82167,
1977-04-01,6654.466,6.24506,
1977-07-01,6774.457,6.16534,
1977-10-01,6774.592,6.55038,
1978-01-01,6796.260,6.38766,
1978-04-01,7058.920,6.91374,
1978-07-01,7129.915,7.42221,
1978-10-01,7225.750,7.29959,
1979-01-01,7238.727,7.69183,
1979-04-01,7246.454,8.25891,
1979-07-01,7300.281,8.77888,
1979-10-01,7318.535,8.57668,
1980-01-01,7341.557,8.87291,
1980-04-01,7190.289,8.79779,
1980-07-01,7181.743,8.84760,
1980-10-01,7315.677,9.64830,
1981-01-01,7459.022,10.22078,
1981-04-01,7403.745,9.79309,
1981-07-01,7492.405,9.41570,
1981-10-01,7410.768,8.48076,
1982-01-01,7295.631,7.15053,
1982-04-01,7328.912,6.43334,
1982-07-01,7300.896,5.94913,
1982-10-01,7303.817,5.22916,
1983-01-01,7400.066,4.58556,
1983-04-01,7568.456,4.00985,
1983-07-01,7719.746,3.64579,
1983-10-01,7880.794,3.35938,
1984-01-01,8034.847,3.62393,
1984-04-01,8173.670,3.74107,
1984-07-01,8252.465,3.56149,
1984-10-01,8320.199,3.55133,
1985-01-01,8400.820,3.52598,
1985-04-01,8474.787,3.30853,
1985-07-01,8604.220,3.01671,
1985-10-01,8668.188,2.82385,
1986-01-01,8749.127,2.32355,
1986-04-01,8788.524,2.05415,
1986-07-01,8872.601,1.85745,
1986-10-01,8920.193,1.84322,
1987-01-01,8986.367,1.98742,
1987-04-01,9083.256,2.30670,
1987-07-01,9162.024,2.66122,
1987-10-01,9319.332,2.91876,
1988-01-01,9367.502,3.06577,
1988-04-01,9490.594,3.35274,
1988-07-01,9546.206,3.80207,
1988-10-01,9673.405,3.87063,
1989-01-01,9771.725,4.13782,
1989-04-01,9846.293,4.23326,
1989-07-01,9919.228,3.75316,
1989-10-01,9938.767,3.59741,
1990-01-01,10047.386,3.63475,
1990-04-01,10083.855,3.69116,
1990-07-01,10090.569,3.82117,
1990-10-01,9998.704,3.85467,
1991-01-01,9951.916,3.75192,
1991-04-01,10029.510,3.35505,
1991-07-01,10080.195,3.27960,
1991-10-01,10115.329,3.12380,
1992-01-01,10236.435,2.50317,
1992-04-01,10347.429,2.36871,
1992-07-01,10449.673,2.07095,
1992-10-01,10558.648,2.16693,
1993-01-01,10576.275,2.36000,
1993-04-01,10637.847,2.35388,
1993-07-01,10688.606,2.46018,
1993-10-01,10833.987,2.31536,
1994-01-01,10939.116,2.23172,
1994-04-01,11087.361,2.11696,
1994-07-01,11152.176,2.09670,
1994-10-01,11279.932,2.09305,
1995-01-01,11319.951,2.15841,
1995-04-01,11353.721,2.15569,
1995-07-01,11450.310,2.07341,
1995-10-01,11528.067,2.01232,
1996-01-01,11614.418,1.94878,
1996-04-01,11808.140,1.88255,
1996-07-01,11914.063,1.71535,
1996-10-01,12037.775,1.76794,
1997-01-01,12115.472,1.88643,
1997-04-01,12317.221,1.66696,
1997-07-01,12471.010,1.77726,
1997-10-01,12577.495,1.57400,
1998-01-01,12703.742,1.11409,
1998-04-01,12821.339,1.15237,
1998-07-01,12982.752,1.13872,
1998-10-01,13191.670,1.08760,
1999-01-01,13315.597,1.27232,
1999-04-01,13426.748,1.41511,
1999-07-01,13604.771,1.34510,
1999-10-01,13827.980,1.62094,
2000-01-01,13878.147,1.96514,
2000-04-01,14130.908,2.21427,
2000-07-01,14145.312,2.44944,6.51
2000-10-01,14229.765,2.43313,6.50
2001-01-01,14183.120,2.42955,5.62
2001-04-01,14271.694,2.40761,4.33
2001-07-01,14214.516,2.21266,3.49
2001-10-01,14253.574,1.98399,2.15
2002-01-01,14372.785,1.63230,1.74
2002-04-01,14460.848,1.37748,1.76
2002-07-01,14519.633,1.46463,1.75
2002-10-01,14537.580,1.73414,1.46
2003-01-01,14614.141,1.91131,1.26
2003-04-01,14743.567,1.91396,1.25
2003-07-01,14988.782,2.00793,1.02
2003-10-01,15162.760,2.03709,1.00
2004-01-01,15248.680,2.26521,1.00
2004-04-01,15366.850,2.72905,1.01
2004-07-01,15512.619,2.79257,1.44
2004-10-01,15670.880,2.96243,1.96
2005-01-01,15844.727,3.05015,2.48
2005-04-01,15922.782,2.96103,2.94
2005-07-01,16047.587,3.24492,3.46
2005-10-01,16136.734,3.29251,3.98
2006-01-01,16353.835,3.19938,4.47
2006-04-01,16396.151,3.35642,4.90
2006-07-01,16420.738,3.13805,5.25
2006-10-01,16561.866,2.66316,5.25
2007-01-01,16611.690,2.91019,5.26
2007-04-01,16713.314,2.72883,5.25
2007-07-01,16809.587,2.57376,5.09
2007-10-01,16915.191,2.62239,4.50
2008-01-01,16843.003,2.03211,3.17
2008-04-01,16943.291,1.81848,2.09
2008-07-01,16854.295,2.02788,1.96
2008-10-01,16485.350,1.86222,0.53
2009-01-01,16298.262,1.40640,0.19
2009-04-01,16269.145,0.74996,0.18
2009-07-01,16326.281,0.11539,0.15
2009-10-01,16502.754,0.18959,0.12
2010-01-01,16582.710,0.55679,0.14
2010-04-01,16743.162,1.21612,0.19
2010-07-01,16872.266,1.40337,0.19
2010-10-01,16960.864,1.67040,0.19
2011-01-01,16920.632,1.89811,0.16
2011-04-01,17035.114,2.07330,0.09
2011-07-01,17031.313,2.37679,0.08
2011-10-01,17222.583,1.90663,0.08
2012-01-01,17367.010,1.98289,0.11
2012-04-01,17444.525,1.73116,0.15
2012-07-01,17469.650,1.67726,0.15
2012-10-01,17489.852,2.06555,0.16
2013-01-01,17662.400,1.87301,0.14
2013-04-01,17709.671,1.67264,0.12
2013-07-01,17860.450,1.61320,0.09
2013-10-01,18016.147,1.64137,0.09
2014-01-01,17953.974,1.62320,0.07
2014-04-01,18185.911,1.97859,0.09
2014-07-01,18406.941,1.89836,0.09
2014-10-01,18500.031,1.46291,0.10
2015-01-01,18666.621,1.02414,0.11
2015-04-01,18782.243,1.03291,0.13
2015-07-01,18857.418,0.88601,0.14
2015-10-01,18892.206,0.78391,0.16
2016-01-01,19001.690,0.75127,0.37
2016-04-01,19062.709,0.85692,0.37
2016-07-01,19197.938,0.84748,0.40
2016-10-01,19304.352,1.33735,0.45
2017-01-01,19398.343,1.94264,0.70
2017-04-01,19506.949,1.51896,0.95
2017-07-01,19660.766,1.78031,1.16
2017-10-01,19882.352,1.91331,1.20
2018-01-01,20044.077,2.04145,1.45
2018-04-01,20150.476,2.49473,1.74
2018-07-01,20276.154,2.41109,1.92
2018-10-01,20304.874,2.22370,2.22
2019-01-01,20431.641,1.88229,2.40
2019-04-01,20602.275,1.68990,2.40
2019-07-01,20843.322,1.57443,2.20
2019-10-01,20985.448,1.45313,1.65
2020-01-01,20709.212,1.64912,1.23
2020-04-01,19077.992,0.72404,0.06
2020-07-01,20558.879,1.32448,0.09
2020-10-01,20791.917,1.63994,0.09
2021-01-01,21082.134,2.42878,0.08
2021-04-01,21440.929,4.43918,0.07
2021-07-01,21617.828,5.08279,0.09
2021-10-01,21988.737,6.22894,0.08
2022-01-01,21932.710,7.01133,0.12
2022-04-01,21967.045,7.75229,0.76
2022-07-01,22125.625,7.29507,2.20
2022-10-01,22278.345,6.48400,3.65
2023-01-01,22439.607,5.35240,4.52
2023-04-01,22580.499,3.56075,4.99
2023-07-01,22840.989,3.26218,5.26
2023-10-01,23033.780,2.69715,5.33
2024-01-01,23082.119,2.54436,5.33
2024-04-01,23286.508,2.66322,5.33
2024-07-01,23478.570,2.26337,5.27
2024-10-01,23586.542,2.46749,4.66
2025-01-01,23548.210,2.57530,4.33
2025-04-01,23770.976,2.46151,4.33
2025-07-01,24026.834,2.97066,4.30
2025-10-01,24111.830,3.28193,3.90
2026-01-01,,,
