"h","C_tech","C_gov","Y_tech","Y_gov","L_tech","L_gov","I_tech","I_gov"
0,0.990960480117459,0.00903951988254091,0.998882582521974,0.0011174174780258,0.869736531026699,0.130263468973301,0.997589778172388,0.00241022182761235
1,0.991477140221701,0.00852285977829896,0.998951757029599,0.00104824297040095,0.861544451718319,0.138455548281681,0.99767238188716,0.00232761811283977
2,0.991948139960985,0.00805186003901532,0.999015085386968,0.000984914613032054,0.852888301952541,0.147111698047459,0.997750268450564,0.00224973154943583
3,0.992378520582237,0.00762147941776342,0.999073111259934,0.000926888740066158,0.84378973595854,0.15621026404146,0.997823684365931,0.00217631563406899
4,0.992772680476015,0.00722731952398505,0.999126324107517,0.000873675892483188,0.834286809518434,0.165713190481566,0.997892865729628,0.00210713427037171
5,0.993134463048988,0.00686553695101224,0.999175164926421,0.00082483507357894,0.824437251368026,0.175562748631974,0.997958038462289,0.00204196153771127
6,0.993467232925778,0.00653276707422226,0.999220031350381,0.000779968649619078,0.814321557635332,0.185678442364668,0.998019418551431,0.00198058144856956
7,0.993773941629553,0.00622605837044696,0.999261282180911,0.000738717819088683,0.804045515160277,0.195954484839723,0.998077212304014,0.0019227876959862
8,0.994057183979764,0.00594281602023597,0.999299241416482,0.000700758583517893,0.793741646326998,0.206258353673002,0.998131616607506,0.00186838339249398
9,0.99431924641396,0.0056807535860396,0.999334201838823,0.000665798161176651,0.783568989045285,0.216431010954715,0.998182819198059,0.00181718080194114
10,0.994562148348707,0.00543785165129272,0.999366428207833,0.000633571792167232,0.773710621221774,0.226289378778225,0.998230998934448,0.00176900106555198
11,0.994787677577259,0.00521232242274081,0.999396160110254,0.000603839889746166,0.76436845343104,0.23563154656896,0.998276326076472,0.00172367392352779
12,0.994997420578611,0.00500257942138921,0.999423614501798,0.000576385498201875,0.755755079522226,0.244244920477774,0.998318962566566,0.00168103743343344
13,0.995192788494418,0.00480721150558184,0.999448987977592,0.000551012022408401,0.748082894477827,0.251917105522173,0.998359062313446,0.00164093768655433
14,0.995375039422235,0.0046249605777649,0.999472458801638,0.000527541198361838,0.741551213730787,0.258448786269212,0.998396771476658,0.0016032285233424
15,0.995545297577552,0.00445470242244825,0.999494188722335,0.000505811277664742,0.736332653287476,0.263667346712524,0.998432228750999,0.00156777124900139
16,0.995704569793518,0.00429543020648159,0.999514324597876,0.000485675402124231,0.732560410536045,0.267439589463955,0.998465565649809,0.00153443435019046
17,0.995853759755318,0.00414624024468212,0.999532999852568,0.000467000147431579,0.73031818045868,0.26968181954132,0.998496906786248,0.00150309321375238
18,0.995993680304817,0.00400631969518279,0.999550335782653,0.000449664217346666,0.72963417142486,0.27036582857514,0.998526370151701,0.00147362984829934
19,0.99612506409913,0.0038749359008704,0.999566442728036,0.000433557271964572,0.730480075653979,0.269519924346021,0.998554067390584,0.00144593260941581
20,0.996248572862802,0.00375142713719809,0.999581421124467,0.000418578875532552,0.732775040534575,0.267224959465425,0.998580104070835,0.00141989592916498
21,0.996364805436346,0.00363519456365413,0.999595362449053,0.000404637550947419,0.736393885064056,0.263606114935944,0.998604579949486,0.00139542005051378
22,0.996474304792706,0.00352569520729369,0.999608350070475,0.000391649929524932,0.741178210395539,0.258821789604462,0.998627589232779,0.00137241076722142
23,0.996577564167091,0.00342243583290923,0.99962046001408,0.000379539985919604,0.746948787263106,0.253051212736894,0.998649220830331,0.00135077916966855
24,0.996675032423584,0.00332496757641641,0.999631761650793,0.0003682383492072,0.753517678516307,0.246482321483693,0.998669558602961,0.00133044139703915
25,0.996767118763461,0.00323288123653893,0.999642318317858,0.000357681682142296,0.760698889665018,0.239301110334982,0.998688681603796,0.00131131839620427
26,0.996854196864545,0.00314580313545456,0.999652187878514,0.000347812121486119,0.768316803315997,0.231683196684003,0.998706664312402,0.00129333568759815
27,0.996936608527807,0.00306339147219313,0.99966142322692,0.000338576773079937,0.776212116977114,0.223787883022886,0.998723576861679,0.00127642313832057
28,0.997014666896344,0.00298533310365617,0.999670072743971,0.000329927256029153,0.784245378502589,0.21575462149741,0.998739485257353,0.00126051474264709
29,0.997088659302511,0.00291134069748901,0.999678180709026,0.000321819290973847,0.792298459425725,0.207701540574275,0.99875445158992,0.00124554841007981
30,0.99715884979104,0.0028411502089604,0.999685787672038,0.000314212327962453,0.800274425083042,0.199725574916958,0.998768534238975,0.00123146576102541
31,0.997225481359277,0.00277451864072255,0.999692930790075,0.000307069209924902,0.808096278272575,0.191903721727425,0.998781788069854,0.00121821193014604
32,0.99728877794997,0.00271122205002974,0.999699644131833,0.000300355868167152,0.815705005396694,0.184294994603306,0.99879426462261,0.00120573537738956
33,0.997348946227151,0.00265105377284861,0.999705958953313,0.000294041046687072,0.823057273183395,0.176942726816605,0.998806012293328,0.00119398770667153
34,0.997406177161569,0.00259382283843077,0.999711903947552,0.00028809605244761,0.830123034612368,0.169876965387632,0.998817076507851,0.00118292349214944
35,0.997460647448548,0.00253935255145231,0.999717505470958,0.000282494529042096,0.836883219883596,0.163116780116404,0.998827499887998,0.00117250011200181
36,0.997512520778152,0.00248747922184825,0.999722787748547,0.000277212251452628,0.843327619721279,0.156672380278721,0.9988373224104,0.00116267758960001
37,0.997561948974938,0.00243805102506152,0.99972777306016,0.000272226939839567,0.849453016155732,0.150546983844268,0.998846581558061,0.00115341844193851
38,0.997609073022348,0.00239092697765176,0.999732481909488,0.000267518090511607,0.85526157911934,0.14473842088066,0.99885531246483,0.00114468753517045
39,0.997654023984876,0.00234597601512417,0.999736933177585,0.000263066822414476,0.860759523166876,0.139240476833124,0.998863548052921,0.00113645194707919
40,0.99769692383951,0.00230307616048962,0.999741144262355,0.000258855737644843,0.865956004411661,0.134043995588339,0.998871319163697,0.00112868083630267
